id,HH,Emo,Ext,Agr,Con,Ope
00d37b7bbe8f8a2500fec749453b7962,32,30,30,29,33,30
0111df4188544917e91f777994b8873a,37,24,33,30,46,43
01b769a82bb503868d8b0e4ecf7c9c2a,22,28,42,20,29,35
048a451ba5f138ec89e9644b0ffcc9e8,31,32,36,33,28,35
04ab7baee0f0563819aacfb2399a8cf5,35,31,34,34,35,34
050117288ef9d5b646c96d9bc4db7cde,35,30,35,26,29,38
05317e826852acaa1f34d5f720b2812a,31,32,35,39,28,31
0533bc988316ef19fcfc1d24172d2ef9,34,35,29,33,30,38
06511ef654f9fcfdc8e97de7ccce3b92,34,44,28,33,25,41
0859124e470cfe2a4760cb1a4873c92f,31,44,27,32,36,39
08c6c9dc7eec4fb1f126c0521e154ff1,19,36,14,28,30,39
08cd1702a70fefaac02530764a53c45d,28,22,37,37,37,38
09027052e190486f1cbd70e7d0e43027,30,33,31,23,38,30
0971aa470361421ac77fb9481440bb82,24,30,32,30,26,31
0a0043c8e53d925a3320caef19619a6e,30,37,18,38,20,29
0b1983258b69c9bbf5887ece6f7ca9dd,34,40,29,32,30,28
0bf9004327f29daa88a3c073c0c3c960,38,33,26,40,30,30
0c9ba16d6f62a495893f4376da8dd0b6,38,39,22,37,36,42
0cb622064987da7a5f82051e4256afa6,31,38,26,19,31,36
0d3989cffe858d9cd96abdb126b8837f,34,30,35,27,36,24
0d51a904f8a8ac0501b21d6d4bd64541,23,37,29,35,35,33
0f140fb19089fb90a4e8ed7f8e8d1c67,32,40,34,34,40,31
0f89dff9681b95368823b50d9c8c0e24,33,28,29,29,34,35
0fa455c8889996f52d7351b408c82913,37,32,31,30,35,35
0fc8f315bcc4fa67e5747cc5d7f7ba77,37,30,23,35,28,21
100e5b24d0045713be97de834ab17b76,34,33,28,36,30,39
102647263b77e17fca182f2cb1460cbc,39,31,40,36,31,28
105dfdf384fc3f973822b3d744f43ae0,32,33,27,29,35,36
106ce194e8a2993a48fcd812ccb7bb19,27,35,38,31,31,28
1224e89db0bbee1e4b301c91719f77d8,21,30,19,36,33,38
1232554c971a825f31dbcc73e97d1aa2,32,36,35,39,27,36
1249ff74e05dadd91e579a0e84a8a956,36,33,28,34,36,29
128409913780d9d794ec95e4a352b6b5,23,39,28,27,36,29
130dc2ef3e2d29c3d5b60912b226af9f,22,38,34,30,30,31
148641a9c2bf7f5bd92d82fb2a7cd9b3,45,36,32,32,40,35
152c9be8d335eb9add5236b1c0218cb4,30,30,30,30,30,30
1595742159a8b1427229533befede91c,35,39,25,31,27,30
160ce59898b5b2940b5c51cffe806bb0,35,29,34,38,35,35
168efab7d8101f0704c7c391c604c0b8,32,38,32,30,40,38
1746f5ab84d175f96ccf38282ad17bac,44,32,41,44,31,33
18cb989a90f703a94a72bf6263a092ac,33,32,36,37,39,43
34fa4cabf26831a4f1e3412c37933e38,35,30,26,29,24,32
35aa760703a570ab6f97d0581953be5b,31,35,36,27,30,35
36950d2807628131eb4266efdcc54bfd,34,37,38,37,33,29
3763e339a0aead320fdc11dedd75011b,29,33,24,22,34,30
38392ae7a65dec41ceb57a946ab401a9,33,41,32,20,37,32
392651d2a1f402e60071d30c479e0183,38,39,34,21,29,37
392c7ddd72a78228cb72670175374f5f,26,28,22,35,33,34
397072f0d761696126f1942d13de948a,30,29,30,32,36,31
39c20ee140ce1e8ecb1fecb1fafd0b07,31,34,30,40,27,30
3a5e627794c28411fb4bf65f8ab84db0,32,42,27,29,33,25
3a9cdf80e22e9480de3e87d037338fd4,41,29,30,44,24,29
3ae5b68664112e2bb619d5ec98de6bb8,31,32,22,38,29,30
3b8dd544a4b27954c0859003d2f5355e,36,16,41,39,29,46
3bdf32d1ad9e3f1b5c3dd333ef0deddc,33,33,35,33,30,31
3c0a90ace2aacb23444bdbb236cc00e6,34,48,25,44,22,29
3caefd8fec783760f8728e358943204d,17,34,48,37,37,30
3d17b8b46009e25691a49c905f6b3e02,41,38,37,29,33,35
3d33244fd88a667ae6c1316b7cbe2da1,44,40,47,44,36,45
3e27dc53f169d3fcc90bb766410ef8e6,32,42,18,33,36,35
3e2a9ef9c69e1e3fe554df3e19cc6415,36,39,34,31,38,37
3ea2c6ca6d03b1f9e1c7379eed6eefe6,34,27,26,25,35,29
3feb0e94458e28f5b919ffe9c4def63b,30,32,33,29,30,27
417871ebe1d8ecbcb35acaeb37f53335,32,34,26,32,28,26
420bd67b106a4d7b0a109fcb866a2572,22,34,31,36,29,28
42be5bdf87f4ff8712af9d31934bd28c,33,33,42,35,40,34
4376b97622d632a2389796c8ba7ee4b0,34,32,44,45,27,42
43b70ac51eacc485ca3b0b8032add28e,31,40,34,31,29,41
4429d766781d378eaf4c49b6c55391f9,38,39,33,43,38,32
44437c41978d096fb9f2d1bcebe6e15d,35,35,35,29,37,40
4493009064da3fe1d20d02be8b316222,35,22,28,37,35,41
451e18b4d2b67632337a750d6bc197bc,28,30,29,31,35,32
4580026dde61e14ab725f233855a2e74,30,43,33,21,33,21
45a54e12c866d6742c248b133aba08cd,39,35,41,41,34,44
45d34c3eb966e7e87e1736158e9f668d,34,32,35,32,35,29
4651db5bbdd03eb2c1b04ff8b12e6e41,27,33,24,35,33,32
46bb104bf9b856cb7096873be729d051,27,29,31,28,34,31
47452092cc802d998b8b4824d12ab2fc,32,36,26,29,37,33
4832f950b552fa6d4e1c40fab4284cfb,41,40,40,30,32,33
49152aa9e8008a1f03823586cfaa3e53,23,37,33,31,33,29
492c7c4d2a91265fdb810ac880213fa1,34,35,32,32,30,30
4979e0caa2573087649ba25d9201ff70,42,39,31,31,34,34
4aa35c0b3364cb514942f7ecb6323a38,36,47,26,45,44,32
4adf26e69cbefb59aba03021fa68a18d,41,40,35,26,26,33
4e80328de33121bf221d4cad15b7f984,33,32,31,38,29,33
008dcb13a766ba2ac113856d9e1973a4,22,41,26,25,33,27
04375f573332ffd1d65bae2676f9c392,28,35,35,34,35,40
04e4682e42bed447885f1e0c349e4a95,34,32,32,28,30,36
05371639e89373d5829318f002185ff4,36,33,22,29,37,35
09407acdc6dd07ce291ed58e70e6582f,31,32,35,32,28,35
0a1bea203dae92476680ab8079aadd06,29,37,36,32,33,42
142aa0d665389f4bd5039e22b9111a3e,38,25,31,32,33,30
1a2f6575f6bbaccf06b03d2b4a584c09,38,31,37,31,24,36
22a304fde455043d04d1a38250eb41d0,33,35,34,35,36,42
2faae5e278ca6ae7bcf69238e31c27e5,43,37,29,35,23,27
30367ee192469f2d3287ac73046b59f7,35,42,32,31,37,34
30d03441ff95fac10441180bcd6ecc24,39,30,44,31,42,35
3181e2511698ed174eafae50ce19198f,33,33,37,38,38,37
3230ecf41490c9c62dbfc184bc301917,35,40,27,26,25,29
3359acde2e27aaf44de70cf5dc3f93a8,39,42,28,25,39,40
366af205ebab4df0455a661ccd0b6cbb,33,23,36,37,31,32
3b8112b6d760252adc4d59120631c228,39,31,45,17,32,29
4717abee4641d1def1a650e542198ae3,32,32,31,30,36,31
4aa4994827a5e3fbfa5a98532549e882,25,46,36,28,30,29
4b7826d0d9252ebe16c2411b4a17e51d,29,41,37,29,33,30
4bee75740c518a190c2b5577cf5c4765,33,30,34,34,34,30
4d81124ba1cecfbf7439846062f504aa,37,17,33,38,34,38
4eb9cdba069e2d640639dc41a8459178,40,38,34,33,39,38
641343f5468d7210531245d740a10f3a,27,39,28,20,35,31
754512f8332e3f7c130446cdb170158d,29,36,30,33,36,38
777b1b230709c32d8341c0acb844834f,31,30,35,23,41,26
798f2f92dcea29fb5b160529bd02e217,22,39,37,32,28,29
82455a084eb88692f7ae5d329864dec0,36,41,21,25,29,30
8f2f7d4206bd6c90f838373b4f598ba3,34,34,37,31,17,43
94280078cbeb896926f2565a24922031,36,35,34,43,29,39
a8f058b241488e6834e8e0e9317fb7dd,32,34,31,31,31,28
acdf770538b4880f511d9dbb07e336f5,41,26,27,34,42,37
b4ae5ef3a12b9f12984e0e99e2ca83d5,35,27,30,36,37,30
b6b6a2a2267ac0cdeac3d622017826b9,33,33,33,31,32,33
bc420a3b3f4a40647fc76c707388f54a,24,39,34,23,33,34
cb682a95799ed54bfc74c5600c4761f7,35,40,25,30,30,32
cceb91f04840b5b26dc621f468b85905,21,37,32,20,32,27
cf563708ca2aa59d7b90d576faca6d40,31,40,38,30,32,39
d1aa3d1ac92e6a7584024b62bc08837e,31,35,35,24,36,33
e1409bf28740da150bfd747ca864334e,29,42,40,35,33,40
f1b33afa1a0581c5f86ce1700c568904,32,24,33,29,31,35
f65754848cf5a83bcbec8c8422eb1025,25,37,25,23,40,29
f830d809f527a39d22819a02b681b2ca,31,34,32,30,28,28
82fdabfe2f651dd2381755e977db8fe1,35,35,34,30,28,36
83492e79462e6bd0ec6761be01b2e732,34,30,41,41,43,42
83c58163c158b2bdf09e0c983cb835ba,35,34,36,32,29,31
83de36046e03521388615265773938f5,30,40,38,35,25,36
84482dfb843859c48aa5e086f2fca7cc,34,46,26,31,34,36
84bd193622b8615e3008d9516bae708e,25,38,30,39,23,38
86731764bfd8fb8ed78c380cf0e45997,35,28,29,19,26,32
869c5e5aba94b1b8b3a30bd28e2d2d88,33,39,28,34,30,35
86ffddcf19172610c1326b3adf55d4be,43,24,46,42,39,35
874a424766c86b554da8f7a54b80c968,20,34,28,24,36,31
876b46dd82018d1c50c2f884dd9b7765,42,40,33,41,30,33
878216682ec4be5885ef0ecb120b8a19,38,28,32,31,31,29
87ec8452c485cb9aa09497f902d659fb,36,32,43,35,35,33
88417103dfbf1292e307f869eafeddbc,33,31,31,31,32,34
890d9a69be5d978beb00281294477708,30,24,27,34,32,33
8995a0436333db3dac75260866609d31,12,37,36,28,42,38
89cc676e4b1662d37a9dc20dfc593324,30,35,33,31,30,27
8a1ef04859318c9b9586868185397827,39,35,37,34,38,35
8a415436258d61b8f0cd79d71d40363f,27,34,25,26,25,28
8b1c8d6f7863708fad31dc2f74d67f97,31,36,30,29,38,30
8b239d3a920bd5b56625c5f1067f3ff7,31,36,33,31,30,40
8b47d81928d4da914644d03f46568b8e,31,34,22,18,30,32
8b7db181ae4c538faf2c9e7f070e8285,30,38,29,36,27,29
8bb7d7bb665ef6970a8fc2f0e19a4adf,32,44,24,31,27,31
8c1678318d73717b8e9751c1b14ced91,27,25,28,28,20,19
8c2211d25fa4f1f25c0330a0279f82c6,33,33,21,35,34,35
8cc11140dab8043947c57ef7c3c93cfe,31,46,29,36,28,34
8f705fa33f7516079e4e1e885b43ad9b,24,39,35,34,35,31
8fe546180489dbf0e6d3f275a12f0775,25,39,17,18,35,29
903cc1f251214880ea00a6271f3a502c,25,39,25,32,26,36
90b549b9eb63fedfc2155fc599990548,37,34,30,35,29,29
90b69a4e03d8a80509648c349a9a542f,35,36,35,36,34,32
90e43ccd73fc87d006d0131512f811b3,42,39,39,33,30,37
914092a8fb7c7dfad0726b2998d52ba1,35,40,37,27,32,26
91b38744af99cef8e8a30b815d0d6ec4,34,43,28,34,24,34
92995b668a161d907a032aa09e3f97b5,25,34,37,42,38,36
92a45113236582653013c6de070f9507,40,37,36,35,30,40
930b91383673500164c290fb37c25957,39,40,32,37,26,34
9341dbc187b256244456287f362e172a,25,28,31,30,30,27
94f43589ad64b0797cb55c241cd6e57b,30,38,35,26,26,28
94f9dd8ad5f9ca822d0f93ea1cb4aa96,36,36,34,32,40,33
950506b4dd4d7d8f3810a7a2f9549b70,36,41,26,28,35,33
956ac37a0d8234c91fd1a1272dcd634e,33,39,31,40,30,42
95ed7cb5ee08889554a39553c72c45dc,38,34,36,32,30,30
972c283701a10fa92aa940dede276deb,27,24,31,38,33,33
974e8e4e97e3389fbfe6dd5de2dbd2e2,18,30,37,32,34,31
977caf067e7232f844932d255f39149e,27,35,34,38,36,26
9784191758e103abead7bcf3d4353cb8,26,27,40,32,38,30
97962b392080d78968c10f49ed731fd1,32,38,33,38,36,30
97cb9a945f779478b0d28d61b653b7c0,37,23,32,39,33,28
986a533364c7d61b1db7086391812aa8,38,32,35,35,33,32
986f2851348b8110b5d952b4cee244b2,46,30,35,34,48,37
9939583a40c7b256bdf0efb380d247f0,44,29,31,42,27,28
4f710b4075d5e1033b7c9b1de093416f,31,40,20,37,19,25
512ddf80d5835705a298de2656bff174,35,37,33,23,45,45
5165a1d46f3a46b8f604fcdfab016b1a,30,25,32,36,29,35
51a5b03efc1a8b6fb50339e6092585c9,34,28,31,38,29,33
521842f9faf89523632d7b493696b3ea,22,32,33,34,27,28
52b60afadbaa20c23ada6003368b1919,31,37,39,33,31,32
5303d46a98e0f274a7e8982d1485a3a1,43,35,37,39,29,44
53329d2fe740bf9c8a1fdd072f6a7dc5,39,25,45,30,36,37
5341ac6efff475a052225122c7dafbe8,33,34,29,32,35,34
5438646b2be57716a10bb1a9bbc6fc17,32,34,32,28,30,32
558bac927996a043f1e9794b9b9fc69a,27,34,39,22,28,31
559b7e47ee815cff86ef2c930aec14d5,27,28,20,31,21,31
562c63380b91e90376edb68dbfde71cb,28,39,29,29,36,34
564bf2949508494b236e1b8e157139b3,38,36,28,27,32,28
565f1072e706c6a7b6847bab82286c94,24,39,28,20,24,38
56c88ebddf9b71e0a654b0ec8229d933,41,31,39,38,30,38
5865c3ca646b30031eea426e032f2869,35,34,32,34,36,31
5878d4f78408e76a6b178d2a240501fb,27,40,28,22,33,49
58f53f53895a366774857d82b1c99776,38,35,27,35,26,44
5931f8399c44e800ae2f230717e460f4,23,25,33,35,22,29
5a49639de5c8cf3c332e99bd2f9351a7,31,26,31,37,34,24
5ac77892bd3d039f181d4f98ea5fa3c2,35,39,27,40,33,38
5b8f8740d3710a892b8fb1d961401288,22,34,27,27,29,25
5b9e131a649dd27d6a6baa247819e659,34,36,33,29,38,28
5c4104ace7b36da8997e4fa209bc24e5,25,34,33,33,26,25
5c9d36bf585da3aa61a9dfc915e969e4,36,41,28,20,39,30
5d56a56055725a0ee21d92aa56337cbc,31,37,23,30,29,25
5dcc63e5d6be3d13e9b9a13a87c44602,38,32,23,35,31,36
5e480dbc323fe422444bb9f71ef1fe9f,30,36,32,38,38,37
5ee5ab9a4074940ca5509be2266c13af,33,33,26,27,41,37
5fbb12ce8effb31fb4b1dcf5af4c454a,23,34,25,35,32,31
603403030fdf522f56b296d3a6f6308e,38,32,32,45,41,38
60defa476f044279ed14a645d1e27d80,36,38,39,43,40,41
62c94a74ad60a0c73e4eafbd35a88b96,34,38,30,30,31,36
633d1d6627bc037da30127c67abc4395,34,33,32,34,35,33
65163726760036883b09555b7ef30fcc,30,41,29,33,30,29
657505bf244afe28196de9da26a54cfd,43,30,29,38,39,25
65bdc220fe2bcd95c5bdc0a12f2c1d3b,41,35,33,34,36,36
6659fadf648ae5fb7c0f2a5e2ede7e9f,30,32,37,32,34,36
66ba7c6940090e38e8d5000fa8501ae6,32,38,26,24,40,27
671da4d662bec142f5a3d9ddb827b767,27,32,27,19,29,26
6724335b398e0c8412795d0888137171,33,32,29,33,30,31
67c1f3a7708787d348b3706c4f1b7ed1,20,30,41,34,12,16
684f03f4be36597f757496132d208f10,43,35,28,40,33,39
68bbc0a7dc1982d8699901f297078e85,33,29,24,35,35,19
68f62fa477a7f8ecf1fcb62952760623,35,36,28,33,30,29
6989906631cfcbd59f5b57f786d53e6a,33,22,41,36,36,35
bcd4343b8d0247a5ac5171555fb40e5d,29,24,29,32,34,34
bdadae281cab2ee4dc73b97597dfa0c0,41,31,31,35,33,30
bc698fa82a01fb99ff5feebcc94ac9b4,37,35,29,29,33,32
b12f039ccc27f0bc65a9fbb60096bff0,29,37,34,32,34,33
b289be7d0c68101d69bd8f62c66d2df6,39,32,25,31,24,33
b2d5e5f0a49a6d7182149b3f7efa35d3,33,38,39,36,32,36
b31042fb2bc3e26d00d739e771f449d7,32,41,26,33,32,35
b3180f8c82c4bf704cd647fa2478e0c0,42,39,23,26,25,27
b3332d14f483563909d40d3f892c5203,28,41,34,32,34,36
b399fb425c9beac01caaaaa750a37c39,45,26,25,24,35,35
b47cb45b79fbd860974502957627b6b8,34,34,34,37,38,35
b615818eb3983e679e1efb4281a6b8d5,29,50,31,40,35,40
b6c3f9c0377ce98e8f8a78797c99caac,44,22,33,38,40,26
b70b0273c764e1cd216a37448083ce99,36,32,31,33,30,31
b8a99b264fbd30c7e36299cf7d80ac38,32,40,29,30,37,39
b8fba65f19c077af28731275f023fb76,47,29,41,48,44,47
b91ecb3f3f119929ba068e27c9404fc4,30,32,30,29,33,31
ba1d3cfcaed7c09995e6815111884b26,25,36,32,41,31,36
ba2f67e53c7e63dc3bf2847d9b39b97e,31,40,27,34,30,30
baa8a332e2d42060bf4db51475b93715,34,32,38,38,31,33
bc6684b30a72921bffef29fd6a1d5d1b,34,43,27,23,28,45
bcba3ef10b424887b240f89c268d182b,33,36,33,36,34,40
bdbf25a5ab571e58bd547a1898d53c69,36,35,38,38,43,43
bf35789395a7ed2a9fddbb83e0dfc504,37,25,30,28,47,38
bff65ff191aa10356cdfac13eb5bf74b,26,31,28,36,30,30
c02b1561110f92f7b669338581d173c0,37,41,34,38,43,34
c03d8e27aeb39db4d02c12207b7275f0,38,35,43,40,40,38
c0e07af8e4c62e970b8e53d4e8e410fa,32,39,21,24,29,26
c21266df726d6c9c15f0d67d05c4b942,40,23,36,37,40,35
c25284a4b0f58dfeba4f9271e79a42cc,31,23,34,37,34,37
c2e0ab0e5d03fd9c9ade534143a9c69e,29,35,44,35,33,40
c30fded6353e5beb07269aa69701227e,23,32,35,18,41,39
c348e05df916295c8e6633ad897c5f3e,35,20,28,38,34,33
c3605c14e1a6a4f05b032f6e10e6e4de,32,29,28,32,33,28
c3bc7ae95fd98fe1896ccf744d2665ed,42,36,33,37,40,38
c3d7b9ae0cbfe669167e304c754f0bb9,27,33,37,29,30,32
c43a148d66253e823e96074c0b92d569,30,32,30,31,31,29
c531e816df18905226dd739c10b95060,32,26,44,33,43,40
c59f6937e6f5282cb56e0b7f193721b9,39,34,28,30,39,35
c634b42029e388bb6846d8aa2861a545,31,34,33,34,36,37
c68412a74479b8f7f129cce1790d38db,35,25,32,32,35,35
c6c78cccac4a3277718b4ac7a8d39a63,39,29,37,26,27,36
c7ac953a88fd0ff1d4d25d99d79fcfec,37,30,34,40,27,32
c7d1d332bdd0d9be5f1439f75fc594a4,31,29,33,28,32,32
c94dfab49cbe265b83ad17f590e93297,40,25,35,36,36,37
c9e304b4905672fc900966f7e6962d47,34,45,27,24,36,34
ca7d763837f29d244aa57117883dc4b0,33,24,44,41,44,47
cad7ad12cbce730e6cd80517e170cd46,33,38,35,34,32,39
cada11f64e821c87b3a0e7c771269835,40,35,32,38,30,38
cb86b2fef4f5313bac3f6e688844b8b8,26,34,21,33,31,32
cc296ac8c713d37d820fb16dd3190ad2,34,31,34,29,29,28
a4cf13a19b3e02c8b0b84bb43f0b0b67,35,22,36,34,33,37
a4dadcc4af7c7375163c6b5d16041ec2,36,30,32,33,35,43
a6b793f41a5d9bb95e22b11d4751699a,33,34,28,34,39,32
a6d0062d4f62c36838b0810e15bf1814,27,41,26,33,29,39
a705c679b711e547cee055d6fa0b1080,28,40,35,25,22,25
a7857fc4a7e62a4e7ae12f32d88bdee3,31,37,29,30,32,29
a84dfa4a9dcd4523955bb1384dda9482,28,22,33,33,33,32
a882acf3cca88b28b386737b18791321,28,36,28,38,30,32
a91ea60b1ce816beb228ba8fd9dec9c8,30,36,33,27,35,32
a9e98676551369be8c7cbe3290b7393a,37,41,30,28,36,40
aadadfc171995c18152bddc2d9de57b5,32,36,26,30,29,33
aae0da436f7bc19ba1b8b1bab53b1131,39,31,39,28,37,39
abb1f6c95e3b5bdab65225b2c9b3104b,33,40,28,28,26,36
ac46b5fe58cb4ea6961cabbbb4424657,35,32,32,36,33,36
ad4a391324d01b0383a2a1c7e0e536ed,39,23,37,38,29,43
ad836e064db75fc0832bcbecf5e8d9f2,38,18,32,44,31,21
adb466b7319f09d80ac80c8fa628b090,30,40,29,37,33,29
ae443ceccdc88b8521b1c57c1651b2c6,27,37,27,34,34,42
af660bd5455c266e247c4084054c4fcc,31,35,32,33,33,40
afb923001ec0c1b254ac4de604b57657,30,41,31,32,32,36
b037f4d97f59bcb52c2927f7121e56c1,38,33,33,36,34,28
b071712cce7f4bcfa80de3f00e11418e,35,33,35,35,32,34
b0934656aa9720acdf7afb5549194261,33,43,36,35,34,31
b168fa6a638402009f01a3b6b90b2e5e,31,38,42,35,33,39
99434938674fdfdafde34ff21b31a02f,34,44,19,31,31,26
9a5f6773cc8d81b4f3026e58ba5ae4f3,43,39,32,32,32,34
9ac8d30aef569e27b21a8de1a92ed283,40,27,41,27,36,43
9ae89f080bb0b6004c3a59b39ddb77ac,31,41,27,24,30,40
9bee98702d283c2475aa08dd4a326c75,44,32,33,36,41,45
9cc014472e6785982e863d106cc42414,43,30,26,42,14,24
9d115977fe09f412256b2dc5d048b779,40,39,33,37,21,33
9dca79d0e644f7dbe191effc78c98d03,24,42,32,20,33,33
9ddea15c5e7cf2676fc9ea3ef8b93225,29,33,27,28,33,26
9e5b2ca9aa02dde0b4862d86b0cfa7d1,30,29,24,38,40,38
9e817fb90deb4daf7deb095dd59a8ab5,32,38,37,30,33,32
9ed42e1baccf649a5ddd32cd888589c6,38,27,26,35,38,34
9f0af6f2a826a18734b15d8f9be961ba,32,21,40,32,37,29
9f21a083403afb026fa7e4cf3e655cc4,38,27,36,23,29,45
9fe9b03226ed9e13671ce19eaa5d1d59,36,33,32,26,32,23
a051b0e4f0c65ed28a8621e86f5ad53f,24,30,21,36,31,37
a05aa9521d14d908480a3c2aaf499f49,29,32,34,33,31,39
a05b26a01abaab724d20ec0df1f41729,39,48,45,30,40,22
a06c6d735a86b37014e9905569cfe9b5,22,38,26,25,25,24
a0addfd906d6e8f54e02a8cc362948b8,17,37,34,20,29,32
a1e4c643c519f86b867b1f1971f24b61,41,30,22,27,40,36
a229c9de2665928b1f1158af3b1eb91c,38,32,39,38,34,35
a23bb4942770b1edb4484ca915502204,13,29,37,33,38,43
a32d54bb006f20bd8bf01ff906631b8d,41,29,34,34,31,45
a362d84fc743a5bd94e6e887a322e895,28,40,37,28,30,42
a443181c6a41f85c20b67acc4aad77e9,44,31,24,32,35,39
192e910341eb7d887a3b8581f2b7b288,37,42,30,25,34,32
19a92c81383439e56b74bbf8bccad05c,42,36,39,47,41,41
1a722a6e08298b5fcf12731ef0ebe164,28,33,27,23,34,27
1ca6fde259775e439694e8e6edcf3561,46,43,27,36,32,33
1d1ea6ade833464e75f8b23063423129,38,26,38,36,33,35
1d2126f5d56044ffbfc8e63fd78ede2d,38,40,40,31,34,35
1d6be601c067d4880955a5a53593cdb7,26,28,37,34,28,35
1d9a7822c81e9072449f18c24f0d8b34,34,30,23,30,26,24
1f60b21e4898d340ef4250ec66970347,32,30,32,30,36,36
20dac16c82ea319932e787355ee642f2,28,36,18,28,30,37
20de813e32083d3552240f1ee2caab4e,30,37,36,25,38,32
2252c4577c9e5c85b60a678b21aa2664,35,33,43,36,34,34
2273cb54fce7a499aec4f569be354775,39,27,37,29,36,36
22c78c5c3c53cf0cc30e2e288046d979,38,29,31,32,28,37
23418550c67fa6f5329888f94a9f248e,37,25,37,33,42,32
2391652bc417b65bf1d6341c96120c23,36,31,37,33,31,35
23bc2adad2a44ea8dc5c4aafda8d3df9,29,35,38,36,25,36
2491ebfeb11b7f1cec3436020c9a8c39,32,29,31,34,33,35
25e253f35aaf57ee90751ed1ff7db8d6,38,31,34,27,28,30
2620b241704a82578e374bb0061d72ae,38,30,35,36,34,38
26e6c00fe53d53f7ff7e53fd4260a53c,41,32,31,33,35,32
2704e7dbf99685b9d4893e7d23e10ef4,28,37,27,34,33,36
27246b6224346aa7a9545c51c82195c1,27,29,30,31,29,27
279c193c3b97bdd2479db600dd68e0fd,29,41,34,30,36,42
29932a451b58f0c9b323f98a7e2b813a,36,32,38,30,37,35
29ec624c313566f7ae4b0168569b2e9d,27,25,35,40,38,33
2a2c80646dd4b6258ee44708598f21ba,35,38,29,29,27,27
2b5490f35f5c65aa4dafaa4dca7c4c71,35,34,46,29,27,30
2c745b973a85dca137ef2ae61fdc7026,35,37,27,27,30,40
2d3a1b4258efbd38dfe14e685b3fd87e,39,32,29,30,30,32
2d482e997745890cad3b404f67883420,36,30,29,33,35,26
2d7ed51ded8bd317483d963baca01776,24,34,35,36,23,32
2ee2916d5d956af118ec5cc2b02c9b64,37,32,32,25,42,36
2efe5ba4cae90af6ba54ed4104f59992,28,30,32,31,31,30
2f37c0a3380d67ddc27eee00465929db,29,30,29,31,24,32
2f4763c5731304130d34c5318ede17dd,36,34,34,36,36,39
2f77bd81b968bf3429fa0b613eb858e4,31,35,35,31,37,39
305c4cc3be0b3263b3794490468365a0,41,33,38,38,36,35
305eaf5b1fad5150f0d5a6d5a54d9b58,28,32,28,27,24,29
30b126d1649306d7ebe55b004c064375,26,30,31,30,34,31
31936ec8ed77bd62b37354cced519c6a,43,43,26,28,33,28
32114074abdd34f40ea7c7f196a9e384,19,40,31,29,28,34
32930c579ff3eb4a2f364fa8c98e6b6b,28,31,32,25,27,32
329b4aec07fefbbd720762a7ac553b99,23,33,37,35,28,32
3403a6c6e4638a7c2c96e073b8e1f348,32,34,23,25,27,34
cd3fe7bb37490347a96e675a106e6fa2,41,40,21,26,35,44
cdf0295edb40684a421c7ef2d51b7532,38,37,32,22,25,35
ce2ef357df5240735ec58b360d246e12,32,42,42,41,33,38
cf6185d82fcac18aefabcbde117e3f16,36,44,23,28,36,37
cfb41871d130c89c43f2504d941a6af8,36,36,38,38,34,35
d0e5dcd7bbee0adbbc41481b6b1522c8,35,32,33,32,36,35
d1abd59400343e7f5b5a14caea15890b,45,25,23,27,32,30
d1e94a8b0bda1a51d369c374d937aa86,37,47,37,28,34,21
d211b17d3fd4522e38a1665124847afc,35,37,29,31,28,32
d37b05ab990f27ac8c420636795a1baa,30,22,28,39,35,35
d4007923402f9bb4fa717c9695eb183e,37,37,27,27,35,24
d4a3b4cec9e7b55c81dfc88b613d3b2e,27,39,36,28,37,32
d50475e8b7d28beae082c64f2088c744,38,34,39,32,39,41
d5666ec33195719531c466017a378a38,29,31,35,33,30,30
d5c95139e601f07f2a1573beaae9c644,38,33,35,47,27,23
d68c1207c0fb209a1696f84a93de0485,18,39,39,34,30,48
d745bf45342a88fa4c36bc3df52999ad,30,28,40,37,41,40
d751ddc1cafbc90e73e36e0c11a0a76e,34,30,26,35,31,36
d776c78a7f701cbd2b7dde9403727745,36,35,38,32,31,35
d7c6657cb727deea5c6d0570b352c2d2,38,36,27,31,25,33
d90dd7228053566386b6a8638fd7c913,33,36,36,39,34,31
d995d9ef8569d21b9e61c52dedd17dcc,34,41,26,27,31,32
d99ab16f5471b525ed18da02f8beae9f,35,34,33,28,26,30
db1436d4066139a8532cd9c9c269b2cb,28,45,22,40,36,40
db388860af94b606c60557a849be0a80,32,32,35,37,39,41
db8e6d71be8bc5b2428b82e17e0e5416,34,40,32,33,39,31
dbda5d6f877c9f28a2a21629a59971e2,31,37,38,38,38,36
dc44cf7675758ee273d531d5b11c3b0b,32,37,36,29,31,28
dc55d02970c5f0b6fd4d23d67209c808,27,31,30,34,40,40
dc81f5347e7522118bff5e5649af18ad,34,43,26,37,33,27
dd1da7b0ad18ff1d27b943687d4ac443,30,33,35,29,26,36
dd40fc11a5fe9b22531f30bd69f044f0,33,38,35,31,39,37
dd724d3b1c975014b0f7a1b35a76d03d,45,37,27,40,24,34
dd8677f464ba2c13cf3ecfaa46208a2e,36,48,35,38,22,40
de23180c28775da37ed209fd11596bc3,36,18,27,34,41,40
de4867a4d35a2be96cd8ab56d698b6bb,28,33,40,36,34,35
de549fd1d0f7303e2d456a27e856006f,38,33,37,34,30,37
df4fee754fe4f1bb2d89ff0ad93cb1cc,33,35,29,38,32,29
e0de8e147663adb6851d490ff13c68e4,32,31,31,45,36,45
e1545f3d113c97476925ac8d77fbc889,33,37,34,34,30,31
e1e3a01dcee92d18913dbdb14628f7b2,35,34,29,22,37,39
e204bc740e515bf0864d20591ca059ce,30,35,35,37,32,31
e23ab9a71561e3cdbc1d221d14baec10,32,29,33,30,29,33
e26e50a5ec04e841dae7b930ee0e98db,37,31,25,32,36,34
e382296989f665287392cab8515889bc,17,43,29,25,29,38
e3f0509db5379cd618c8c293208231f6,28,33,39,28,31,32
e4659e83e0e0a43b27cc872a3d51eda9,37,30,38,34,35,36
e47fe99ef36b9dc6841fc61671078657,22,46,33,20,41,26
e764066ecaf9a49381b5c84985b42d5d,32,30,24,30,35,44
e7fca61d1dbaa1b285c49eddb10b78bf,43,21,38,37,35,34
e8914ca8710065231a5048dfb019c3a0,40,40,24,32,30,24
e8d2e7f6bd51c0adf03b94e79b075ab0,30,41,31,31,41,43
e949ee63b9ddc363397cb6407ce941f1,27,41,31,26,32,39
ea3d635c59a715bc4a2f17c42a10eeaa,41,40,31,40,39,42
ea5d0f411f8d3d379c3c65570225e4f8,33,24,39,35,36,38
ea7c44a733d182d786b3b64204972952,30,26,29,28,29,34
eab1b6b37e26b7147a93eeff57a8f14b,37,23,38,29,33,36
ebe84e42bb6ccc628f1df067244eff5b,25,36,37,32,26,27
ec180a1df67f52ee8f5b9591b6a39589,40,38,31,33,33,33
ec88f010f57aa120ce46ee8e0a8c47df,40,26,36,33,34,37
eca0567f2d808118277914e2b96db069,32,31,31,39,33,36
edc5dde805fcac094602f8df3e32f9bd,31,42,25,27,33,30
edd23344a6d9bf57e788f4e64073f9d9,34,37,20,36,36,24
ef232a1856518244f0150d3591aa3c11,35,32,37,36,30,35
ef51b9eea0206cfa4a0c11d75eb17422,40,40,25,35,39,30
f05ddf4cffe69388f3a884e8c3476065,33,36,26,23,31,20
f0786f054c6c51c2909955abad56394e,32,24,27,32,26,36
f1348a607635e81a39284c00b9e6d57c,35,38,39,36,32,42
f306916e112014780081919f82aa211b,37,29,36,38,40,39
f3095bdb2f659e7fcb5e171211db7d38,31,24,37,28,43,43
f3141606bebf2f81228944bcf50d27e7,31,39,31,24,20,37
f3b115281804c3c72a93c8f8fef5665c,42,31,34,37,37,39
f463afd5aee25de33d051d01bc6548f7,32,42,29,29,23,35
f4971a29a6704e307e0fac42ec650d11,36,36,32,35,36,30
f4e518694d573c49c653831864fcb070,29,36,33,34,35,36
f52e09bda2021436d9f244f21798ea7c,44,36,33,35,39,40
f5552b9d83cf03dd9c83216800de69d0,40,40,25,40,34,36
f59e7f1c715a164fc7f0fe5b5069e19c,34,37,22,36,33,35
f5dbe094887b4b5b4e230bce2d41dae6,29,39,29,26,30,33
f644406dfaec29adcb396759a965ab62,38,28,30,33,27,44
f7222a002dbac6073eb02106c182ae29,22,42,25,19,43,44
f724306e3e735325a71b9e3b884b65b6,42,41,28,26,31,31
f840426dac44fb2555b972c389a79307,24,41,34,34,35,28
f8d82c60fba41e4cf19255c68f993f01,27,32,28,30,30,27
f9120b4d3e32f7bef2d2b28fb2cabaf3,37,31,25,40,20,29
fb20a411e9f7c1407212c4cb86f3136b,20,39,31,25,26,36
fb4cded367a3f88d62dc9061cf387348,33,36,29,20,35,30
fb5159baf071f34e5390de937971d08e,26,41,38,26,28,26
fc46857b69c8f24474803b1c6be5eccc,24,33,40,26,39,36
fd0c050fea4a1da36a1be4f5788a044d,27,40,38,25,35,39
fe43a28b9dd0e11739c5b96158db2d67,28,26,39,38,31,37
fe6745dbfb7cc2451002b5cafcba4f3e,34,23,29,42,25,40
fe72b7bd4c395e79b0c909a4456409cf,33,39,31,31,29,30
ff866affc00b8051b60bd910cd0058dc,40,27,37,40,36,35
ffa7a71194cc9f4b1781c20edb60e36a,23,22,12,45,33,37
6c2b8f5bfe81cd3950f9745d88c8c962,30,45,26,30,32,40
6ca61b7bc89ff6057ec546f617294bd2,45,41,41,27,37,40
6d1ce99d20827104d2ee0c9e60f46661,39,37,29,35,34,30
6ebf9292ef8e574f0c8714d8f97bba17,32,39,28,22,31,35
6eed5b6f22b83ae003df9186017f8bcb,37,34,27,31,31,39
6f6705593d2e154b5bc3475b65f1a77d,27,25,26,28,40,28
6fa310320407227e30a3014e1911d468,30,35,38,39,28,31
6fa3c677316624693a9a945fa40a6507,26,34,34,34,26,30
70306e4beaf6a8ea4e46b464a84a9e46,33,34,24,40,38,33
709f6d372ab862b9c04c2154b6198745,34,22,45,34,30,29
70c3f65a61beebf9bbd263663b222af3,44,28,42,37,38,41
7156409651c43a9f299e8f81be6fc8ca,36,30,29,36,41,32
71712f87a279f1563d1d34909af73723,32,33,31,37,30,29
717481fc327e59aeefb1be474e6cb4e1,29,24,29,27,30,27
71828ef8416d2f4e88068e6801819d4e,38,38,36,36,30,38
71ced8fd605d6ad5da073e36fad00f49,29,31,35,35,28,34
71fa8e0b38cd6a94c7849553c47e64a7,40,38,28,29,37,45
7223008fb960e6c459dc3991d14db7dd,28,42,33,29,30,34
736a4de226f2fa0593c3087fefad1923,36,30,25,34,24,36
73d2b4794f45ca12d0ff5b980a75b317,26,28,31,38,28,37
73fe95d7b85cf8a0178e64abc2015fa0,34,38,35,23,28,35
740935625c2ce4811a7f39b368d9c41f,33,35,38,33,27,33
7409e6bc6200443d1a1ba2123a9360e3,28,38,34,28,34,30
74400632efedf48b54f31bb547503a28,33,38,36,28,30,33
745bb91f10152ae20e1eab29a96ad8fa,27,48,32,45,41,40
74bb311386bec686a93b774230a22903,36,39,29,34,30,31
765c724bfcbcede700ef4712d0c1b244,29,35,33,33,29,31
7666ed580ecbdecf52e06e9aad960947,29,34,40,43,17,45
769c2bdf3560f6dc0fceb85ad67537f5,38,41,30,36,35,34
76ac04871008cf5f420abfb9025f2c11,32,36,32,35,41,35
77a9519ba43656b81e37aa5109d9c481,31,37,26,38,23,35
78bf126fad48f75848278a7bcf241c65,31,31,24,36,20,34
7a5e26104b4911e8623906d5119b4719,25,37,27,24,33,21
7bfb220cf8293070d4ec4596cede768f,31,28,15,25,29,29
7c49e708fe961d691e0d03067a1bf1df,35,31,39,30,39,27
7c988c69c69882afb39945aa56bbff1b,39,23,30,31,42,34
7cac0e950cdeb6c689b16c3e82ad71a3,29,32,34,32,30,32
7d212e9543a333ea2277a5dada5a3ae4,33,36,28,36,36,26
7d244aff5278da22ddecd19f6d7a20db,32,37,25,29,31,28
7f76e88730c229445da58d6e5675be18,28,23,41,36,35,36
80f86d1c7e47efbe33fb6489fd46f8d7,40,35,45,38,35,33
81824074a4a05f31b0e70e8d060b85d5,21,38,44,22,41,43
81bec83e6ec4f17f875e6b5d582d9c49,28,38,42,36,41,37
8240913f0d1f406d565ed2215273a43c,37,28,22,34,32,31
